Longitude,Latitude,Location
10.836943088797407,49.72006466724905,A
11.944781575496815,47.85057600797193,B
12.723078665103362,48.839143668914666,C
10.57703707615639,48.50524703363955,D
12.063206422407603,49.96186744678509,E
10.836468241933801,47.93226281403962,F
9.762937096717254,49.81989827040079,G
11.495364598932694,48.66878659483587,H
13.227756544026983,48.68328024035947,I
12.468206738258448,48.308599293619544,J
11.945876044823025,49.242957838960386,K
10.841613263746432,50.09040916643635,L
10.738306316756033,49.12718341237859,M
12.758005125257005,47.90707527976484,N
10.24365498514629,47.82601059849584,O
10.341144056664204,50.319895249227045,P
11.044750701481698,47.63963989929785,Q
11.576449322814582,50.16934366964627,R
11.98839498709936,48.493087448432185,S
11.537617638099704,49.50630273711381,T
11.38467066535031,48.036973959742305,U
12.796088898485662,49.29140511753069,V
10.201291645432297,49.54774297613755,W
12.281604901550752,49.7351911418055,X
9.38048765183897,49.82289360422107,Y
11.130342705327728,48.46854587057585,Z
11.629177010655722,48.957559366766944,AA
10.938976538635085,48.72582360455089,AB
10.360821951388616,47.49379827862374,AC
10.265991770079268,48.215292114315766,AD
10.263517433522955,49.95616935012973,AE
13.131819542719153,48.40547836317819,AF
13.216369492170815,49.06325143218966,AG
10.281811664202133,49.20299792905388,AH
9.73379688349816,50.239134348293966,AI
12.426943174603723,48.629286206865466,AJ
11.542735056930551,48.30633925958619,AK
12.320587035886385,49.210275532724886,AL
11.279099484251528,50.059132188026716,AM
12.125325551315049,48.2403661849904,AN
11.069181052493459,50.288621167857315,AO
9.299979892140495,49.98498108805235,AP
12.117152702536726,48.892473809019876,AQ
11.71159932481151,49.71726080419939,AR
11.3692641716164,49.3665556964138,AS
10.553543177200329,48.0460715935842,AT
11.518883574491891,47.7258517413215,AU
10.105537386445743,49.84470840063799,AV
10.677461596528845,48.88145203752089,AW
12.593959660446291,47.846599718252314,AX
13.5236886014928,48.83414663533731,AY
10.416690654859266,49.470578474213085,AZ
11.97633154715432,49.52714491153112,BA
10.789572098283013,47.70883833344002,BB
11.40198048456594,49.0937020957567,BC
12.187417331271323,49.44866118781003,BD
10.604744320749294,48.27133636996085,BE
11.951838092314976,48.18519581715777,BF
11.003807468339932,49.24268314596302,BG
12.754136462200425,48.55721605356942,BH
12.741999696778484,48.19199408650676,BI
10.535623549273735,48.78025805804006,BJ
11.903451294099327,50.207539565568425,BK
9.853338621506396,47.60028972924993,BL
12.81919193783773,49.16675321394666,BM
10.130963074488099,50.10375480725866,BN
11.831282752706814,48.75452757033492,BO
10.976242007552845,49.80943625159111,BP
11.41273562628656,48.54406763398485,BQ
9.719868016554367,49.93274717079001,BR
12.725339598799737,47.76193523881003,BS
11.08941674227909,47.48835504942508,BT
13.163424321817416,48.810664693125645,BU
11.838508705010646,49.97891916056452,BV
11.085040217524165,48.22469556233152,BW
12.946590760611311,48.28022845777763,BX
13.5575726078528,48.63013525187152,BY
12.575897634990529,48.08935666112209,BZ
10.42379718148386,49.69094130552379,CA
12.152895896790215,47.77992441182703,CB
11.171961455724285,49.781279879997776,CC
10.614447795129232,49.902212982056994,CD
13.153936011803127,48.937495259862715,CE
11.675407962163533,47.80787182868018,CF
11.081687379157284,50.142650747054006,CG
10.543510793479788,50.156128193079674,CH
11.184924606066852,47.86918276135965,CI
11.346812570577566,50.43085086088805,CJ
11.30810603218572,48.66998954681605,CK
12.421889461842675,48.75496923783598,CL
10.331922872321458,48.43819359577316,CM
11.19064482453283,48.90816612719572,CN
10.701838055748423,49.26122841044548,CO
10.780032553211873,48.65455001740372,CP
12.162598711839761,49.84588268262259,CQ
11.741385289649315,48.496005471434884,CR
12.761064775124105,48.417026591388556,CS
12.17799779869073,49.07467699486656,CT
12.331857269387735,48.43372235055205,CU
10.482916150897712,48.18445346052076,CV
10.989883366796043,48.093776683523146,CW
10.529414833048651,47.61051133752766,CX
12.421762533671334,49.64218355177274,CY
10.362137463593827,48.06760293292317,CZ
9.22157157440228,49.77019021102058,DA
12.236761497999925,48.62543638739446,DB
11.762554780231584,49.17971058347473,DC
9.931160903234092,50.146570770585754,DD
11.961006856962667,48.074324975608086,DE
12.353454877417521,48.07708590427452,DF
11.154245006685043,49.186555715718235,DG
11.970567598439837,50.07518351939539,DH
11.763456128129517,48.621538921074546,DI
11.327654956365002,48.37497016896932,DJ
12.362051735680533,47.82632271144618,DK
11.882383606647137,49.749502980307234,DL
9.988529107840128,49.65158409243828,DM
12.972848905132098,47.64838976181973,DN
12.196066238096838,49.59210880366186,DO
10.911729946733823,48.49634322796687,DP
10.290033643274553,49.80459766518475,DQ
11.408814624213912,50.16098305651999,DR
10.817292261772897,49.4886809585203,DS
10.82129123840837,50.31816096744996,DT
11.783750178934973,48.03761977268789,DU
10.908265753340496,49.04285430824757,DV
11.222444196226807,49.43593554530307,DW
12.544705126160288,49.063052012017785,DX
12.87992402118048,49.07295365811959,DY
11.774467013169444,49.53557774887229,DZ
10.210053887937134,49.31104521793834,EA
9.938388903782238,50.36809757637895,EB
10.823372118216703,48.22853601907679,EC
11.876986330647465,48.41035102190131,ED
10.401385080205996,48.29977120714168,EE
11.716899923417525,47.670431350972606,EF
9.185890642475954,49.868787652100366,EG
12.192327177586737,47.903102337221085,EH
11.728999734620444,50.23342138953924,EI
12.029462710675348,50.28058155789924,EJ
11.174280770440825,49.56866385899178,EK
10.209875290040674,48.32112285055412,EL
11.26526379126193,48.27051059888714,EM
11.316685569520851,49.232291647712074,EN
10.712961945586835,47.596061868266936,EO
11.298424168778036,47.759085012562124,EP
11.53442397784133,49.0371955713947,EQ
11.614575738980077,49.60799247871781,ER
10.63328921244864,47.78026096926791,ES
11.973372545626292,49.3928622961539,ET
10.23980274775417,47.556772253851165,EU
13.143914179949682,48.573180033575554,EV
10.328104615439745,49.091085309735476,EW
11.58276164419549,50.31513273812334,EX
11.652663303405486,50.02422929740559,EY
12.173097698744595,49.317978406480414,EZ
10.985150718502172,49.99803888117308,FA
13.38625425589113,48.67241890176097,FB
12.561303217809563,47.97798101281644,FC
12.73253762498711,48.715477229677404,FD
10.98203932916069,48.61480314458518,FE
10.363684611851845,48.6398910806605,FF
13.025372894256831,49.01423107288101,FG
13.356808564279923,48.94245256215479,FH
10.61712568237033,49.66637960924463,FI
10.563164410790561,50.02443214290632,FJ
12.414188891047594,49.333830102312696,FK
11.99867228785356,48.7639315714956,FL
12.65679187255507,49.17371286571149,FM
11.596561149537186,47.98386962971833,FN
9.854524681771183,50.00662089909389,FO
9.170169343235722,50.07737917990508,FP
13.28915744304998,48.36779912456768,FQ
12.065274432563314,49.749333986763475,FR
10.628999567163444,49.01909375770524,FS
10.150318287306154,50.21319352544748,FT
12.239886151930527,48.33111334101008,FU
11.539666839953474,49.7591527942773,FV
10.279766514410683,47.94626372037709,FW
12.943422970787102,48.428039394406035,FX
12.642099502287907,48.318627509720464,FY
11.772430154300785,48.31301315451762,FZ
11.796461250521507,48.99102878001848,GA
12.169415063690456,50.06086597368471,GB
10.898704419564416,50.18876471818979,GC
10.508319121244996,48.93747015557246,GD
12.820946488973197,48.63441152131808,GE
10.794938510990056,48.79682848051672,GF
13.329959273131372,48.49547946963407,GG
12.734561882564861,48.01784222594742,GH
9.732307109763003,50.09357155901686,GI
10.741448583963937,48.520550598970175,GJ
12.34394817741728,48.84673951592833,GK
12.877037874264555,48.76798544229015,GL
10.071284770899094,49.727639477752966,GM
10.474444306315382,47.731183079115624,GN
11.368592929454762,50.284436413273156,GO
11.116813705065205,49.873843471941974,GP
10.783271389895713,49.851154952353895,GQ
12.631242589893294,49.37152796332083,GR
10.50240341358712,49.565841053949434,GS
11.669113283232694,48.71965515709305,GT
11.21300988506458,47.629022036111266,GU
11.316145709896325,47.9415807974932,GV
11.60436723942079,48.569039826237436,GW
11.050939680561427,49.66431106980126,GX
11.558079323190032,49.36270373188998,GY
10.916883807122213,47.78120306317484,GZ
11.889043434725679,49.109694534714635,HA
10.513692713364314,50.29727330480351,HB
10.693426850528175,48.368380181706264,HC
11.546457633683785,48.438990702903844,HD
12.014961361079758,48.644699660702436,HE
11.846427695823913,47.7423559085349,HF
10.881951139759831,49.29675410784916,HG
13.578238063149234,48.73205843137501,HH
11.999041817805452,47.95786692253142,HI
11.127054472023667,48.720141154503104,HJ
10.25874841639989,50.42881100007678,HK
10.032442327221661,47.64283848418814,HL
12.121869078405519,49.19683595897749,HM
9.978162374698446,49.52256458650051,HN
9.259678330877557,49.674904607852184,HO
10.403636002842196,49.34734850676207,HP
12.83201206255496,48.90458946619286,HQ
11.470520429962605,48.918868572451274,HR
11.037106389394976,48.381985959210695,HS
10.734540779418385,48.03140725199913,HT
11.744407647952674,48.861948107150646,HU
11.935083853284791,49.87194404413641,HV
11.459150367338482,47.84311455849015,HW
11.094216307592333,47.7723696580107,HX
10.973091433122386,49.13773246948953,HY
12.210527525339247,48.764888443540386,HZ
11.778546170731214,50.109304252596644,IA
13.030114630243213,48.71281958093347,IB
12.172123313530154,48.46118771500886,IC
12.106001679888415,50.16759992105273,ID
11.230334743045127,50.19622320383102,IE
11.354308171221087,49.51941832899438,IF
10.07224151593359,49.97230760640821,IG
11.178410677240379,49.31477347770722,IH
11.472342504549246,50.03918352970025,II
12.26659145073763,49.96383676394838,IJ
10.59168007307358,48.65078137753365,IK
12.415002098636567,49.44748149657845,IL
11.465898999296332,49.18967254084778,IM
12.310794978690247,48.20287068127221,IN
11.204927104712489,48.58717032457505,IO
10.959790782375354,48.934710431135606,IP
11.7189101584522,49.86787457934556,IQ
12.03082376100175,48.33884166291121,IR
10.182816424372456,50.312541003305704,IS
10.161866632742203,48.428428464426354,IT
11.189384683211648,48.09639011033621,IU
13.342232074587614,48.80030426740842,IV
12.68575558990175,48.97317697560405,IW
12.358167674581486,49.83413098924787,IX
10.43665238472697,49.88204403486519,IY
12.875491730299531,47.80397499346627,IZ
10.233132005656117,49.689926317572,JA
10.498665975708043,48.38884159811333,JB
12.992270954687479,48.83860286808674,JC
11.2657230409529,47.49018291350717,JD
12.598539165386587,48.665018342156515,JE
12.562771277839618,48.549431603678684,JF
12.465333261965846,49.154640323815116,JG
10.416566531133837,48.554617461536196,JH
11.758737821331982,48.216888860551215,JI
11.953421607954219,49.63458579730929,JJ
9.074329241028702,49.91573673005603,JK
11.761852024600774,50.34965527651591,JL
10.415713057529885,47.85315267135221,JM
10.511746781936823,49.27734420977889,JN
10.764309903576969,49.97731724121599,JO
12.15110107099967,48.12256324396682,JP
10.646676482849564,47.93388508643738,JQ
9.590985045664176,49.97261900270021,JR
13.708330629352693,48.587345870595136,JS
10.33014418080398,47.647338566672204,JT
10.196324026073153,48.1319063509493,JU
12.127459660947089,47.67148510937403,JV
9.560507318401166,49.83511342671459,JW
12.511778962372858,48.17824890465656,JX
9.921758529037174,49.894324489045026,JY
10.584297298546192,49.163901875472355,JZ
11.104349453856917,47.97458734851568,KA
10.238460538310484,49.43542433086946,KB
12.5517379007802,48.80244953752209,KC
10.733605560639845,48.13084039757183,KD
10.718885229797879,49.59363331439244,KE
12.400572246376942,47.930265836838515,KF
11.353170716219982,48.96757901618239,KG
10.800197589337737,49.37595268666344,KH
10.655911175556508,49.77296388064488,KI
11.918316966205534,48.88136759048825,KJ
11.768855926281553,47.91939951574189,KK
10.252045846372761,47.4352298556652,KL
12.561347595905351,48.42426290386749,KM
11.567559756689452,48.81146718841526,KN
